UserID,Username,Password,First_Name,Last_Name,Email,Reference1,Reference2,Status,Reputation_Score,Skills0,Skills1,Skills2,Skills3,Skills4,Skills5,Interests0,Interests1,Interests2,Interests3,Interests4,Interests5,Group0,Group1,Group2,Group3,Group4
1,meri844,pass844,Meriselle,Ruotolo,meri.selle@yahoo.com,Wilma Mckenzie,Stan Crossley,OU,8,Gardening,Cooking,Organizing,Python,Coding,Carpentry,Education,Environment,Coding,,,,Community Garden,Pop Up Library,Book and Toy Drive,Outdoor Cleanup Project,
2,nLustre001,hello,Nadine,Lustre,nadine@yahoo.com,Wilma Mckenzie,Nyag Villanueva,VIP,23,Gardening,Organizing,Graphic Design,Cooking,Networking,Accounting,Finance,Design,Environment,Kids,Reading,,Pop Up Library,Book and Toy Drive,,,
3,yaoc96,pass96,Yaocheng,Wu,yaoc@gmail.com,Wilma Mckenzie,Stan Crossley,OU,14,Python,Excel,Sewing,Organizing,Cooking,Teaching,Coding,Education,Enviroment,Finance,Reading,,Pop Up Library,Coding Camp,Community Garden,Soup Kitchen,Book and Toy Drive
4,juldac,jant98,Julia,Dacanay,juliad@gmail.com,Meriselle Ruotolo,Nyag Villanueva,OU,12,Teaching,Organizing,Gardening,Cooking,Networking,Graphic Design,Reading,Design,Kids,Environment,,,Farmers Market,Meals on Wheels,Tutoring,Book Club,Chemistry Camp
5,gleotea,tea87,Gleo,Saavedra,gleozs@gmail.com,Nadine Lustre,Wilma McKenzie,OU,12,Teaching,Organizing,Gardening,Cooking,Carpentry,Sewing,Education,Environment,Reading,Finance,Kids,Design,Meals on Wheels,Tutoring,Pop Up Library,Community Garden,Book Club
6,dianeluc,photo844,Diane,Lucagan,dluc@gmail.com,Natalie Badillo,Stan Crossley,OU,12,Teaching,Networking,Accounting,Carpentry,Cooking,Organizing,Environment,Finance,Kids,Reading,Design,Education,Chemistry Camp,Meals on Wheels,Book Club,Farmers Market,Outdoor Cleanup Project
7,ljqui,ljq844,Lynjean,Quilang,lynq@gmail.com,Julia Dacanay,Diane Lucagan,OU,12,Teaching,Carpentry,Gardening,Cooking,,,Environment,Kids,Reading,Education,Design,Finance,Chemistry Camp,Blood Drive,Soup Kitchen,Meals on Wheels,Farmers Market
8,jfan,joel90,Joel,Francisco,jfran@gmail.com,Salma Mones,Wilma Mckenzie,VIP,22,Organizing,Accounting,Networking,Teaching,Carpentry,Graphic Design,Finance,Kids,Education,Environment,Reading,Design,Book Club,Farmers Market,Pop Up Library,Meals on Wheels,Outdoor Cleanup Project
9,pyap,pjyap65,Powell,Yap,powellyap@yahoo.com,Julia Dacanay,Stan Crossley,OU,14,Accounting,Networking,Teaching,Organizing,Python,Cooking,Finance,Kids,Education,Carpentry,Reading,Design,Meals on Wheels,Book and Toy Drive,Book Club,Outdoor Cleanup Project,Tutoring
10,Aiacoul,alou56,Ana,Luocai,aluocai@yahoo.com,Nadine Lustre,Diane Lucagan,VIP,24,Organizing,Networking,Teaching,Python,Cooking,Accouting,Kids,Education,Reading,Finance,Environment,Design,Meals on Wheels,Farmers Market,Book Club,Tutoring, Pop Up Library
11,nootb,noot844,Natalie,Badillo,nootbadillo@gmail.com,Meriselle Ruotolo,Diane Lucagan,VIP,24,Organizing,Networking,Teaching,Cooking,Accounting,Carpentry,Education,Kids,Reading,Environment,Design,Tutoring,Farmers Market,Soup Kitcehn,Chemistry Camp,Animal Rescue,Roadside Cleanup
12,quachpotato,potato844,Sophia,Quach,qpotato@hotmail.com,Lynjean Quilang,Powell Yap,OU,18,Organizing,Cooking,Carpentry,Excel,Teaching,Networking,Education,Environment,Finance,Reading,Design,,Chemistry Club,Roadside Cleanup,Blood Drive,Soup Kitchen,
13,mikaelamag,magtira52,Mikaela,Magtira,mmagtira@msn.com,Ana Luocai,YongSu Lee,OU,11,Cooking,Organizing,Accounting,Gardening,Graphic Design,,Education,Kids,Finance,Environment,Reading,Design,Community Garden,Tutoring,Blood Drive,,
14,ccode,lin4,Christine,Lin,clin@msn.com,Gleo Saavedra,Mikaela Magtira,OU,10,Python,Excel,Organizing,Gardening,Accounting,Networking,Education,Finance,Environment,Reading,Design,,Community Garden,Farmers Market,Blood Drive,Animal Rescue,
15,salmon,mones76,Salma,Mones,salmon@yahoo.com,Gleo Saavedra,Kathryn Bernardo,OU,16,Excel,Networking,Graphic Design,Accounting,Cooking,,Education,Finance,Design,Reading,Kids,Environment,Pop Up Library,Meals on Wheels,Animal Rescue,Soup Kitchen,
16,jhuang,jhpass,James,Huang,jhuang8@yahoo.com,Bruce Villaroman,Powell Yap,OU,8,Excel,Python,Accounting,Carpentry,Networking,,Education,Finance,Design,,,,Animal Rescue,Meals on Wheels,Pop Up Library,,
17,kathbern,bern72,Kathryn,Bernardo,kbernardo@hotmail.com,Julia Dacanay,Salma Mones,VIP,26,Networking,Graphic Design,Carpentry,,,,Finance,Design,Education,Kids,Environment,Reading,Animal Rescue,Blood Drive,,,
18,yongsu8,amazon8,YongSu,Lee,yongsulee@yahoo.com,Yaocheng Wu,Bruce Villaroman,OU,10,Python,Excel,Networking,Organizing,Carpentry,Accounting,Education,Reading,Finance,,,,Tutoring,,,,
19,sacrebl,franko84,Bruce,Villaroman,brucenosb@yahoo.com,YongSu Lee,Kathryn Bernardo,VIP,19,Python,Networking,Organizing,Excel,Accounting,Graphic Design,Design,Finance,Education,,,,Pop Up Library,Book and Toy Drive,Book Club,,
20,echeang,eliz42,Elizabeth,Cheang,echeang@gmail.com,Christine Lin,Mikaela Magtira,OU,11,Python,Networking,Organizing,Excel,Accounting,,Coding,Graphic Design,Finance,Education,Environment,Kids,Blood Drive,Animal Rescue,Farmers Market,Soup Kitchen,
21,ctan001,5513661,Chengliang,Tan,chengliangtan123@gmail.com,Wilma Mckenzie,Joel Francisco,OU,10,Cooking,Python,Excel,Graphic Design,,Enviorment,Design,Coding,,,Animal Rescue,Blood Drive,Pop Up Library,,,,
22,InThese,TwoRows,,,,,,,,,,,,,,,,,,,,,,,,
